Company,Address,City,State,Phone Number,Zip Code,Country
The Mirage Hotel & Casino,3400 Las Vegas Blvd S,Las Vegas,NV,(702) 791-7111,89109,us
Planet Hollywood Resort and Casino,3667 Las Vegas Blvd S,Las Vegas,NV,(866) 919-7472,89109,us
Flamingo Las Vegas,3555 Las Vegas Blvd S,Las Vegas,NV,(702) 733-3111,89109,us
DoubleTree Suites by Hilton Hotel New York City - Times Square,1568 Broadway,New York,NY,(212) 719-1600,10036,us
New York - New York Hotel and Casino,3790 Las Vegas Blvd S,Las Vegas,NV,(702) 740-6969,89109,us
Golden Nugget Hotel & Casino,129 Fremont St,Las Vegas,NV,(702) 385-7111,89101,us
Fontainebleau Miami Beach,4441 Collins Ave,Miami Beach,FL,(305) 538-2000,33140,us
The Orleans Hotel & Casino,4500 W Tropicana Ave,Las Vegas,NV,(702) 365-7111,89103,us
The Waldorf Astoria,301 Park Ave,New York,NY,(212) 355-3000,10022,us
Harrah's Las Vegas,3475 Las Vegas Blvd S,Las Vegas,NV,(702) 369-5000,89109,us
